9yVrWNaBqpk,No Strings Attached(2011),https://s3-us-west-2.amazonaws.com/sadmovie/No-Strings-Attached-Sad-Scene-9yVrWNaBqpk.mp4,https://s3-us-west-2.amazonaws.com/sadmovie/no_string.jpg,Sad
F2bk_9T482g,Up(2009),https://s3-us-west-2.amazonaws.com/sadmovie/Up-F2bk_9T482g.mp4,https://s3-us-west-2.amazonaws.com/sadmovie/up.jpg,Sad
fJ3JIEQtxyU,Toy Story 3(2010),https://s3-us-west-2.amazonaws.com/sadmovie/Toy-Story-3-Bonnie-Memorable-Moments-fJ3JIEQtxyU.mp4,https://s3-us-west-2.amazonaws.com/sadmovie/toy3.jpg,Sad
USHi4s_rHqQ,Wreck-It Ralph(2012),https://s3-us-west-2.amazonaws.com/sadmovie/Wreck-It-Ralph-You-Really-Are-A-Bad-Guy-Clip-(HD)-USHi4s_rHqQ.mp4,https://s3-us-west-2.amazonaws.com/sadmovie/wreck-it.jpg,Sad
VW4XO-52ubE,Kill the Messenger(2014),https://s3.amazonaws.com/crimemovies/Kill+the+Messenger+Official+Trailer+%231+(2014)+-+Jeremy+Renner+Crime+Movie+HD-VW4XO-52ubE.mp4,https://s3.amazonaws.com/crimemovies/Kill+the+Messenger.jpg,Crime
M29yK7WWeKY,Life of Crime(2014),https://s3.amazonaws.com/crimemovies/Life+of+Crime+Official+Trailer+%231+(2014)+-+Isla+Fisher%2C+Jennifer+Aniston+Crime+Comedy+HD-M29yK7WWeKY.mp4,https://s3.amazonaws.com/crimemovies/Life+of+Crime.jpg,Crime
C9KVxlC_ITc,Rob The Mob(2014),https://s3.amazonaws.com/crimemovies/Rob+The+Mob+Official+Trailer+%231+(2014)+-+Crime+Movie+HD-C9KVxlC_ITc.mp4,https://s3.amazonaws.com/crimemovies/Rob+The+Mob.jpg,Crime
zBbOlQTXV88,The Sweeney(2013),https://s3.amazonaws.com/crimemovies/The+Sweeney+Official+Trailer+%231+(2013)+-+Crime+Movie+HD-zBbOlQTXV88.mp4,https://s3.amazonaws.com/crimemovies/The+Sweeney.jpg,Crime
nQ10YRA3VKI,Les Miserables,https://s3.amazonaws.com/joannahsu82/Les+Mise%CC%81rables+Official+TRAILER+%233+(2012)+-++Hugh+Jackman%2C+Russell+Crowe+Movie+HD-nQ10YRA3VKI.mp4,https://s3.amazonaws.com/joannahsu82/Les+Miserables.png,Music
lkN-A00WLYE,Mamma Mia,https://s3.amazonaws.com/joannahsu82/Mamma+Mia!+-+Official%C2%AE+Trailer+%5BHD%5D-lkN-A00WLYE.mp4,https://s3.amazonaws.com/joannahsu82/Mamma+Mia.png,Music
UY6uw3WpPzY,The Sound of Music,https://s3.amazonaws.com/joannahsu82/The+Sound+of+Music+_+%23TBT+Trailer+_+20th+Century+FOX-UY6uw3WpPzY.mp4,https://s3.amazonaws.com/joannahsu82/The+sound+of+music.png,Music
y3ExznvzqGU,The Phanton of the Opera,https://s3.amazonaws.com/joannahsu82/The+Phantom+of+the+Opera+Trailer+HQ+(2004)-y3ExznvzqGU.mp4,https://s3.amazonaws.com/joannahsu82/The+phanton+of+the+opera.png,Music
SGDBWgOl-dA,Free Fall(2014),https://s3.amazonaws.com/actionmovie/Free+Fall+Official+Trailer+1+(2014)+-+Sarah+Butler+Action+Thriller+HD-SGDBWgOl-dA.mp4,https://s3.amazonaws.com/actionmovie/Free+Fall(2014).png,Action
6s9JEcRb5I4,Ghost in the Shell,https://s3.amazonaws.com/actionmovie/Ghost+in+the+Shell+Official+Trailer+%231+(2017)+Scarlett+Johansson+Action+Movie+HD-6s9JEcRb5I4.mp4,https://s3.amazonaws.com/actionmovie/Ghost+in+the+Shell.png,Action
IP3pHwh8kq4,Assassin's Creed,https://s3.amazonaws.com/actionmovie/Assassin%27s+Creed+Official+Trailer+%232+(2016)+Michael+Fassbender%2C+Marion+Cotillard+Action+Movie+HD-IP3pHwh8kq4.mp4,https://s3.amazonaws.com/actionmovie/Assassin%27s+Creed.png,Action
3AsOdX7NcJs,London Has Fallen,https://s3-us-west-1.amazonaws.com/movie-project/Titanic+Trailer+(as+a+Romantic+Comedy+movie)-aXgkYZLW25c.mp4,https://s3.amazonaws.com/actionmovie/London+Has+Fallen.png,Action
aXgkYZLW25c,Titanic,https://s3-us-west-1.amazonaws.com/movie-project/Titanic+Trailer+(as+a+Romantic+Comedy+movie)-aXgkYZLW25c.mp4,https://s3-us-west-1.amazonaws.com/movie-project/titanic.png,Romantic
b4GcQXtF5BE,How he fell in love,https://s3-us-west-1.amazonaws.com/movie-project/How+He+Fell+in+Love+Official+Trailer+1+(2016)+-+Matt+McGorry%2C+Amy+Hargreaves+Movie+HD-O66MNzlb7EE.mp4,https://s3-us-west-1.amazonaws.com/movie-project/how_he_fell_in_love.png,Romantic
fs4AazhbKAM,Doctor,https://s3-us-west-1.amazonaws.com/movie-project/Trailer+Doctors+Korean+Drama+-++Romantic+and+Sweet+Scene-fs4AazhbKAM.mp4,https://s3-us-west-1.amazonaws.com/movie-project/doctor.png,Romantic
YVAuv6ggrz0,"Allu Arjun, Amala paul, Catherine tresa",https://s3-us-west-1.amazonaws.com/movie-project/Iddarammayilatho+Romantic+scene+trailer+HD+-+Allu+Arjun%2C+Amala+paul%2C+Catherine+tresa-YVAuv6ggrz0.mp4,https://s3-us-west-1.amazonaws.com/movie-project/Screen+Shot+2016-11-21+at+2.48.31+PM.png,Romantic
VHSgXn7NKlA,Going to America Official Trailer (2015) - Comedy Movie HD,https://s3.amazonaws.com/movielily/Going+to+America+Official+Trailer+(2015)+-+Comedy+Movie+HD-VHSgXn7NKlA.mp4,https://s3.amazonaws.com/movielily/p1.png,Comedy
1tH2y1KzzC0,MOM'S NIGHT OUT Trailer (Comedy - 2014),https://s3.amazonaws.com/movielily/MOM%27S+NIGHT+OUT+Trailer+(Comedy+-+2014)-1tH2y1KzzC0.mp4 ,https://s3.amazonaws.com/movielily/p2.png,Comedy
2h7f4lIf0VU,"Sausage Party TRAILER 1 (2016) - James Franco, Kristen Wiig Animated Comedy HD",https://s3.amazonaws.com/movielily/Sausage+Party+TRAILER+1+(2016)+-+James+Franco%2C+Kristen+Wiig+Animated+Comedy+HD-2h7f4lIf0VU.mp4,https://s3.amazonaws.com/movielily/p3.png,Comedy
XspFo3jiVR8,GRANDMA Movie Trailer (Comedy - 2015),https://s3.amazonaws.com/movielily/GRANDMA+Movie+Trailer+(Comedy+-+2015)-XspFo3jiVR8.mp4,https://s3.amazonaws.com/movielily/p4.png,Comedy
ozksd76CSIs,Pearl Harbor,https://s3.amazonaws.com/warmovie/Pearl+Harbor+-+Trailerc.mp4,https://s3.amazonaws.com/warmovie/Screen+Shot+2016-11-21+at+2.34.06+PM.png,War
sMh_DO6I,Enermy at the Gate,https://s3.amazonaws.com/warmovie/Enemy+at+the+Gates+(2001)+Official+Trailer+%231+-+Jude+Law+Movie+HD-4O-sMh_DO6I.mp4,https://s3.amazonaws.com/warmovie/Screen+Shot+2016-11-21+at+2.36.24+PM.png,War
znTLzRJimeY,Troy,"        
https://s3.amazonaws.com/warmovie/Troy+(2004)+Official+Trailer+-+Brad+Pitt%2C+Eric+Bana%2C+Orlando+Bloom+Movie+HD-znTLzRJimeY.mp4",https://s3.amazonaws.com/warmovie/Screen+Shot+2016-11-21+at+2.37.29+PM.png,War
nMft5QDOHek,Brave Heart,https://s3.amazonaws.com/warmovie/Braveheart+-+Trailer-nMft5QDOHek.mp4,https://s3.amazonaws.com/warmovie/Screen+Shot+2016-11-21+at+2.38.18+PM.png,War
AMjMFbhyhwY,Finding Dory,https://s3-us-west-2.amazonaws.com/imovie/Finding+Dory+ALL+MOVIE+CLIPS+-+2016+Pixar+Animation-AMjMFbhyhwY.mp4,https://s3-us-west-2.amazonaws.com/imovie/FINDING_DORY.jpg,Cartoon
gJhQKXNsPnQ,The Secret Life of Pets,https://s3-us-west-2.amazonaws.com/imovie/The+Secret+Life+of+Pets+Teaser+TRAILER+1+(2016)+-+Jenny+Slate%2C+Ellie+Kemper+Animated+Movie+HD-gJhQKXNsPnQ.mp4,"	
https://s3-us-west-2.amazonaws.com/imovie/maxresdefault.jpg",Cartoon
HyLquKn3Swc,Ice Age: Collision Course,https://s3-us-west-2.amazonaws.com/imovie/Ice+Age+-+Collision+Course+Official+Trailer+%232+(2016)+-+Ray+Romano%2C+John+Leguizamo+Animated+Movie+HD-HyLquKn3Swc.mp4,https://s3-us-west-2.amazonaws.com/imovie/ice_age.jpg,Cartoon
Ut9xi-ep2mg,MINIONS,https://s3-us-west-2.amazonaws.com/imovie/MINIONS+Official+Mini+Movie+(2016)-Ut9xi-ep2mg.mp4,https://s3-us-west-2.amazonaws.com/imovie/MV5BMTg2MTMyMzU0M15BMl5BanBnXkFtZTgwOTU3ODk4NTE%40._V1_UX182_CR0%2C0%2C182%2C268_AL_.jpg,Cartoon
CSjvsGqtWoU,The Secret Village,https://s3.amazonaws.com/horrormovies/The+Secret+Village+Trailer+2012+-+HD-95WiuNHQXIU.mp4,https://s3.amazonaws.com/horrormovies/secretVillage.jpg,Horror
YAZGRX0I3GI,247Â°F,https://s3.amazonaws.com/horrormovies/247%C2%B0F+(2011)+-+Official+Trailer+_+HD-YAZGRX0I3GI.mp4,https://s3.amazonaws.com/horrormovies/247.jpg,Horror
RJNTlh_B2Xg,The Dead Room,https://s3.amazonaws.com/horrormovies/The+Dead+Room+-+Official+Trailer+(2015)+%5BHD%5D-RJNTlh_B2Xg.mp4,https://s3.amazonaws.com/horrormovies/deadroom.jpg,Horror
XYu7f0B3oRo,Deadly Water,https://s3.amazonaws.com/horrormovies/Deadly+Water+Trailer-XYu7f0B3oRo.mp4,https://s3.amazonaws.com/horrormovies/deadlywaters.jpg,Horror